{"Training": 0.0002694173308555037, "Validation": 0.027369234710931778, "_timestamp": 1727661432.573233, "_runtime": 673.3082468509674, "_step": 18, "_wandb": {"runtime": 691}}