{"Training": 0.00027280207071453334, "Validation": 0.026009302586317062, "_timestamp": 1727676690.5242448, "_runtime": 1763.8108987808228, "_step": 49, "_wandb": {"runtime": 1763}}