{"Training": 0.0, "Validation": 0.0, "Epoch": 14, "_timestamp": 1727396199.0333512, "_runtime": 4.399372100830078, "_step": 14, "_wandb": {"runtime": 16}}