{"Training": 0.0, "Validation": 0.0, "Epoch": 14, "_timestamp": 1727396358.5000749, "_runtime": 4.528714895248413, "_step": 14, "_wandb": {"runtime": 15}}