{"Training": 0.0002557185967452824, "Validation": 0.02710316888988018, "_timestamp": 1727662750.3448627, "_runtime": 1222.1335136890411, "_step": 31}