{"Training": 0.00027641180781211007, "Validation": 0.030832737684249878, "_timestamp": 1727413511.2369194, "_runtime": 9.20592451095581, "_step": 0}