{"Training": 0.0002829442843794823, "Validation": 0.027052026242017746, "_timestamp": 1727419846.850191, "_runtime": 3999.0999660491943, "_step": 99, "_wandb": {"runtime": 3998}}