{"Training": 1.5186233758868184e-06, "Validation": 0.0012854242231696844, "Epoch": 14, "_timestamp": 1727397115.6996877, "_runtime": 564.4995536804199, "_step": 14, "_wandb": {"runtime": 607}}