{"Training": 3.4807107592769172e-06, "Validation": 0.001579292002134025, "_timestamp": 1727401798.232265, "_runtime": 44.73726987838745, "_step": 0, "_wandb": {"runtime": 44}}