{"Training": 6.554382111062296e-05, "Validation": 0.01976514421403408, "_timestamp": 1728258991.0712306, "_runtime": 12.231382608413696, "_step": 0}