{"Training": 7.692595291882753e-05, "Validation": 0.03063095174729824, "_timestamp": 1728260976.782151, "_runtime": 45.792181968688965, "_step": 0, "_wandb": {"runtime": 68}}