{"Training": 0.00022697799722664057, "Validation": 0.0, "_timestamp": 1727414767.0787933, "_runtime": 53.0171902179718, "_step": 2}