{"Training": 0.00031728001777082683, "Validation": 0.027135683223605156, "_timestamp": 1727663489.874064, "_runtime": 1225.971608877182, "_step": 31}