{"Training": 0.0, "Validation": 0.0, "Epoch": 14, "_timestamp": 1727334844.8906586, "_runtime": 4.27246356010437, "_step": 14, "_wandb": {"runtime": 11}}