{"Training": 0.0, "Validation": 0.0, "Epoch": 14, "_timestamp": 1727335195.516887, "_runtime": 4.417295932769775, "_step": 14, "_wandb": {"runtime": 3}}