{"Training": 0.0002991790920495987, "Validation": 0.027183547616004944, "_timestamp": 1727660459.7178953, "_runtime": 352.6851372718811, "_step": 9, "_wandb": {"runtime": 352}}