{"Training": 0.0, "Validation": 0.0, "Epoch": 14, "_timestamp": 1727335059.9974992, "_runtime": 4.896480321884155, "_step": 14, "_wandb": {"runtime": 9}}