{"Training": 9.506356857968968e-07, "Validation": 0.0012509028892964125, "_timestamp": 1727399677.2522273, "_runtime": 1927.2217643260956, "_step": 49, "_wandb": {"runtime": 1926}}