{"Training": 0.0001976192897418514, "Validation": 0.028767937794327736, "_timestamp": 1727415787.5496016, "_runtime": 45.9508376121521, "_step": 0, "_wandb": {"runtime": 51}}