{"Training": 0.0015892287865281105, "Validation": 0.1396276205778122, "_timestamp": 1728306913.1865177, "_runtime": 182.19075179100037, "_step": 3}