{"Training": 0.0002760263797827065, "Validation": 0.02707839198410511, "_timestamp": 1727660021.8338242, "_runtime": 1160.8331751823425, "_step": 32, "_wandb": {"runtime": 1182}}