{"Training": 7.706296909600496e-05, "Validation": 0.03055969811975956, "_timestamp": 1728260695.348555, "_runtime": 139.30941200256348, "_step": 2}